-- ----------------------------
-- Records of sec_menu
-- ----------------------------
INSERT INTO `sec_menu` VALUES ('0', '人力资源系统', null, '0', 'javascript:void(0);', '人力资源系统', null, null, null, null, null, null, null, null, null);
INSERT INTO `sec_menu` VALUES ('10', '系统管理', '0', '0', 'javascript:void(0);', '系统管理', null, null, null, null, null, null, null, null, null);
INSERT INTO `sec_menu` VALUES ('11', '流程控制', '0', '0', 'javascript:void(0);', '流程控制', null, null, null, null, null, null, null, null, null);
INSERT INTO `sec_menu` VALUES ('14', '数据与报表', '0', '0', 'javascript:void(0);', '数据与报表', null, null, null, null, null, null, null, null, null);
INSERT INTO `sec_menu` VALUES ('15', '测试15', '0', '0', 'javascript:void(0);', '测试15', null, null, null, null, null, null, null, null, null);
INSERT INTO `sec_menu` VALUES ('16', '人员管理', '0', '0', 'javascript:void(0);', '人员管理', null, null, null, null, null, null, null, null, null);
INSERT INTO `sec_menu` VALUES ('17', '考勤管理', '0', '0', 'javascript:void(0);', '考勤管理', '', '', null, null, '', '', '', '', null);
INSERT INTO `sec_menu` VALUES ('18', '薪资管理', '0', '0', 'javascript:void(0);', '薪资管理', '', '', null, null, '', '', '', '', null);
INSERT INTO `sec_menu` VALUES ('19', '招聘管理', '0', '0', '#', '招聘管理', '', '', null, null, '', '', '', '', null);
INSERT INTO `sec_menu` VALUES ('100', '用户管理', '10', '0', 'javascript:void(0); ', '用户管理', null, null, null, null, null, null, null, null, null);
INSERT INTO `sec_menu` VALUES ('101', '部门管理', '10', '0', 'javascript:void(0); ', '部门管理', null, null, null, null, null, null, null, null, null);
INSERT INTO `sec_menu` VALUES ('102', '菜单管理', '10', '0', 'javascript:void(0); ', '菜单管理', null, null, null, null, null, null, null, null, null);
INSERT INTO `sec_menu` VALUES ('109', '权限管理', '10', '0', 'javascript:void(0); ', '权限管理', null, null, null, null, null, null, null, null, null);
INSERT INTO `sec_menu` VALUES ('111', '流程管理', '11', '0', 'javascript:void(0); ', '流程管理', null, null, null, null, null, null, null, null, null);
INSERT INTO `sec_menu` VALUES ('112', '表管理', '11', '0', '/form/dbtable', '表管理', null, null, null, null, null, null, null, null, null);
INSERT INTO `sec_menu` VALUES ('113', '配置管理', '11', '0', 'javascript:void(0); ', '配置管理', null, null, null, null, null, null, null, null, null);
INSERT INTO `sec_menu` VALUES ('114', '角色与资源', '11', '0', 'javascript:void(0); ', '角色与资源', null, null, null, null, null, null, null, null, null);
INSERT INTO `sec_menu` VALUES ('141', '报表管理', '14', '0', '/report/admin_report.jsp', '报表管理', null, null, null, null, null, null, null, null, null);
INSERT INTO `sec_menu` VALUES ('142', '运行报表', '14', '0', '/report/run_report.jsp', '运行报表', null, null, null, null, null, null, null, null, null);
INSERT INTO `sec_menu` VALUES ('143', '存储管理', '14', '0', '/report/admin_proc.jsp', '存储管理', null, null, null, null, null, null, null, null, null);
INSERT INTO `sec_menu` VALUES ('144', '执行存储', '14', '0', '/report/run_proc.jsp', '执行存储', null, null, null, null, null, null, null, null, null);
INSERT INTO `sec_menu` VALUES ('156', '测试Demo', '15', '0', '/test/jqueryDemo.jsp', '测试Demo', null, null, null, null, null, null, null, null, null);
INSERT INTO `sec_menu` VALUES ('157', '测试工作流', '15', '0', '/workflow_index', '测试工作流', null, null, null, null, null, null, null, null, null);
INSERT INTO `sec_menu` VALUES ('158', '会签测试', '15', '0', '/workflow/templates/flow/actorall/task1.html', '会签测试', null, null, null, null, null, null, null, null, null);
INSERT INTO `sec_menu` VALUES ('161', '在职人员管理', '16', '0', 'javascript:void(0);', '在职人员管理', '', '', null, null, '', '', '', '', null);
INSERT INTO `sec_menu` VALUES ('162', '离职管理', '16', '0', 'javascript:void(0);', '离职管理', '', '', null, null, '', '', '', '', null);
INSERT INTO `sec_menu` VALUES ('163', '子集列表', '16', '0', 'javascript:void(0);', '子集列表', '', '', null, null, '', '', '', '', null);
INSERT INTO `sec_menu` VALUES ('164', '奖惩管理', '16', '0', 'javascript:void(0);', '奖惩管理', '', '', null, null, '', '', '', '', null);
INSERT INTO `sec_menu` VALUES ('165', '异动管理', '16', '0', 'javascript:void(0);', '异动管理', '', '', null, null, '', '', '', '', null);
INSERT INTO `sec_menu` VALUES ('166', '批量调岗', '16', '0', 'javascript:void(0);', '批量调岗', '', '', null, null, '', '', '', '', null);
INSERT INTO `sec_menu` VALUES ('167', '统计报表', '16', '0', '#', '统计报表', '', '', null, null, '', '', '', '', null);
INSERT INTO `sec_menu` VALUES ('168', '图形分析', '16', '0', '#', '图形分析', '', '', null, null, '', '', '', '', null);
INSERT INTO `sec_menu` VALUES ('170', '排班管理', '17', '0', 'javascript:void(0);', '排班管理', '', '', null, null, '', '', '', '', null);
INSERT INTO `sec_menu` VALUES ('171', '打卡管理', '17', '0', 'javascript:void(0);', '打卡管理', '', '', null, null, '', '', '', '', null);
INSERT INTO `sec_menu` VALUES ('172', '考勤日报', '17', '0', 'javascript:void(0);', '考勤日报', '', '', null, null, '', '', '', '', null);
INSERT INTO `sec_menu` VALUES ('173', '考勤月报', '17', '0', 'javascript:void(0);', '考勤月报', '', '', null, null, '', '', '', '', null);
INSERT INTO `sec_menu` VALUES ('174', '考勤年报', '17', '0', 'javascript:void(0);', '考勤年报', '', '', null, null, '', '', '', '', null);
INSERT INTO `sec_menu` VALUES ('175', '请假管理', '17', '0', 'javascript:void(0);', '请假管理', '', '', null, null, '', '', '', '', null);
INSERT INTO `sec_menu` VALUES ('176', '加班管理', '17', '0', 'javascript:void(0);', '加班管理', '', '', null, null, '', '', '', '', null);
INSERT INTO `sec_menu` VALUES ('177', '出差管理', '17', '0', 'javascript:void(0);', '出差管理', '', '', null, null, '', '', '', '', null);
INSERT INTO `sec_menu` VALUES ('178', '调休管理', '17', '0', 'javascript:void(0);', '调休管理', '', '', null, null, '', '', '', '', null);
INSERT INTO `sec_menu` VALUES ('179', '统计报表', '17', '0', 'javascript:void(0);', '统计报表', '', '', null, null, '', '', '', '', null);
INSERT INTO `sec_menu` VALUES ('181', '方案管理', '18', '0', '#', '方案管理', '', '', null, null, '', '', '', '', null);
INSERT INTO `sec_menu` VALUES ('182', '工资管理', '18', '0', '#', '工资管理', '', '', null, null, '', '', '', '', null);
INSERT INTO `sec_menu` VALUES ('183', '月末处理', '18', '0', ' javascript:void(0);', '月末处理', '', '', null, null, '', '', '', '', null);
INSERT INTO `sec_menu` VALUES ('184', '工资结构分析', '18', '0', 'javascript:void(0);', '工资结构分析', '', '', null, null, '', '', '', '', null);
INSERT INTO `sec_menu` VALUES ('185', '基础设施', '18', '0', 'javascript:void(0);', '基础设施', '', '', null, null, '', '', '', '', null);
INSERT INTO `sec_menu` VALUES ('190', '招聘查询', '19', '0', '#', '招聘查询', '', '', null, null, '', '', '', '', null);
INSERT INTO `sec_menu` VALUES ('191', '招聘需求', '19', '0', '#', '招聘需求', '', '', null, null, '', '', '', '', null);
INSERT INTO `sec_menu` VALUES ('192', '制定招聘计划', '19', '0', '#', '制定招聘计划', '', '', null, null, '', '', '', '', null);
INSERT INTO `sec_menu` VALUES ('193', '应聘者管理', '19', '0', '#', '应聘者管理', '', '', null, null, '', '', '', '', null);
INSERT INTO `sec_menu` VALUES ('1000', '管理用户与角色', '100', '0', '/security/user', '管理用户与角色', '', '', null, null, '', '', '', '', null);
INSERT INTO `sec_menu` VALUES ('1001', '用户密码修改', '100', '0', '/sys_admin/edit_user.jsp', '用户密码修改', '', '', null, null, '', '', '', '', null);
INSERT INTO `sec_menu` VALUES ('1010', '树型部门管理', '101', '0', '/sys_admin/dept_main.jsp', '树型部门管理', null, null, null, null, null, null, null, null, null);
INSERT INTO `sec_menu` VALUES ('1011', '二维部门管理', '101', '0', '/security/org', '二维部门管理', null, null, null, null, null, null, null, null, null);
INSERT INTO `sec_menu` VALUES ('1012', '部门规划', '101', '0', '#', '部门规划', null, null, null, null, null, null, null, null, null);
INSERT INTO `sec_menu` VALUES ('1020', '二维菜单管理', '102', '0', '/security/menu', '二维菜单管理', null, null, null, null, null, null, null, null, null);
INSERT INTO `sec_menu` VALUES ('1021', '树型菜单管理', '102', '0', '/sys_admin/menu_main.jsp', '树型菜单管理', null, null, null, null, null, null, null, null, null);
INSERT INTO `sec_menu` VALUES ('1090', '工作流授权管理', '109', '0', '/security/authority', '工作流授权管理', '', '', null, null, '', '', '', '', null);
INSERT INTO `sec_menu` VALUES ('1091', '菜单授权管理', '109', '0', '/sys_admin/user_main.jsp', '菜单授权管理', null, null, null, null, null, null, null, null, null);
INSERT INTO `sec_menu` VALUES ('1111', '待办任务', '111', '0', '/snaker/task/active', '待办任务', null, null, null, null, null, null, null, null, null);
INSERT INTO `sec_menu` VALUES ('1112', '流程实例', '111', '0', '/snaker/order', '流程实例', null, null, null, null, null, null, null, null, null);
INSERT INTO `sec_menu` VALUES ('1113', '历史任务', '111', '0', '/snaker/task/history', '历史任务', null, null, null, null, null, null, null, null, null);
INSERT INTO `sec_menu` VALUES ('1114', '流程定义', '111', '0', '/snaker/process/list', '流程定义', null, null, null, null, null, null, null, null, null);
INSERT INTO `sec_menu` VALUES ('1115', '委托授权', '111', '0', '/snaker/surrogate/list', '委托授权', null, null, null, null, null, null, null, null, null);
INSERT INTO `sec_menu` VALUES ('1121', '数据字典', '112', '0', '/config/dictionary', '数据字典', null, null, null, null, null, null, null, null, null);
INSERT INTO `sec_menu` VALUES ('1122', '表单管理', '112', '0', '/form/form', '表单管理', null, null, null, null, null, null, null, null, null);
INSERT INTO `sec_menu` VALUES ('1123', '表单查询', '112', '0', '/form/form', '表单查询', null, null, null, null, null, null, null, null, null);
INSERT INTO `sec_menu` VALUES ('1143', '角色管理', '114', '0', '/security/role', '角色管理', null, null, null, null, null, null, null, null, null);
INSERT INTO `sec_menu` VALUES ('1145', '资源管理', '114', '0', '/security/resource', '资源管理', null, null, null, null, null, null, null, null, null);
INSERT INTO `sec_menu` VALUES ('1610', '人员档案', '161', '0', '/employee_admin/on_job/employee_file.jsp', '人员档案', '', '', null, null, '', '/adminEmployee/employeeFile_', '', '', null);
INSERT INTO `sec_menu` VALUES ('1611', '人员转正', '161', '0', '/employee_admin/on_job/employee_regular.jsp', '人员转正', '', '', null, null, '', '/adminEmployee/employeeRegular_', '', '', null);
INSERT INTO `sec_menu` VALUES ('1612', '转正申请', '161', '0', '/employee_admin/on_job/regular_apply.jsp', '转正申请', '', '', null, null, '', '/adminEmployee/regularApply_', '', '', null);
INSERT INTO `sec_menu` VALUES ('1613', '转正记录', '161', '0', '/employee_admin/on_job/regular_record.jsp', '转正记录', '', '', null, null, '', '/adminEmployee/regularRecord_', '', '', null);
INSERT INTO `sec_menu` VALUES ('1614', '转正审核', '161', '0', '/employee_admin/on_job/regular_check.jsp', '转正审核', '', '', null, null, '', '/adminEmployee/regularCheck_', '', '', null);
INSERT INTO `sec_menu` VALUES ('1615', '批量更新', '161', '0', '/employee_admin/on_job/batch_record.jsp', '批量更新', '', '', null, null, '', '/adminEmployee/batchRecord_', '', '', null);
INSERT INTO `sec_menu` VALUES ('1616', '照片上传', '161', '0', '/employee_admin/on_job/employee_file.jsp', '照片上传', '', '', null, null, '', '/adminEmployee/employeeFile_', '', '', null);
INSERT INTO `sec_menu` VALUES ('1617', '档案导入', '161', '0', '/employee_admin/on_job/file_import.jsp', '档案导入', '', '', null, null, '', '/adminEmployee/fileImport_', '', '', null);
INSERT INTO `sec_menu` VALUES ('1620', '离职申请', '162', '0', '#', '离职申请', '', '', null, null, '', '', '', '', null);
INSERT INTO `sec_menu` VALUES ('1621', '离职审核', '162', '0', '#', '离职审核', '', '', null, null, '', '', '', '', null);
INSERT INTO `sec_menu` VALUES ('1622', '待离职人员', '162', '0', '#', '待离职人员', '', '', null, null, '', '', '', '', null);
INSERT INTO `sec_menu` VALUES ('1623', '离职记录', '162', '0', '#', '离职记录', '', '', null, null, '', '', '', '', null);
INSERT INTO `sec_menu` VALUES ('1624', '离职档案', '162', '0', '#', '离职档案', '', '', null, null, '', '', '', '', null);
INSERT INTO `sec_menu` VALUES ('1625', '黑名单', '162', '0', '#', '黑名单', '', '', null, null, '', '', '', '', null);
INSERT INTO `sec_menu` VALUES ('1630', '证书证件照', '163', '0', '#', '证书证件照', '', '', null, null, '', '', '', '', null);
INSERT INTO `sec_menu` VALUES ('1640', '奖惩申请', '164', '0', '#', '奖惩申请', '', '', null, null, '', '', '', '', null);
INSERT INTO `sec_menu` VALUES ('1641', '奖惩审核', '164', '0', '#', '奖惩审核', '', '', null, null, '', '', '', '', null);
INSERT INTO `sec_menu` VALUES ('1642', '待办查询', '164', '0', '#', '待办查询', '', '', null, null, '', '', '', '', null);
INSERT INTO `sec_menu` VALUES ('1643', '奖惩记录', '164', '0', '#', '奖惩记录', '', '', null, null, '', '', '', '', null);
INSERT INTO `sec_menu` VALUES ('1650', '异动申请', '165', '0', '#', '异动申请', '', '', null, null, '', '', '', '', null);
INSERT INTO `sec_menu` VALUES ('1651', '异动审核', '165', '0', '#', '异动审核', '', '', null, null, '', '', '', '', null);
INSERT INTO `sec_menu` VALUES ('1652', '待办查询', '165', '0', '#', '待办查询', '', '', null, null, '', '', '', '', null);
INSERT INTO `sec_menu` VALUES ('1653', '异动申请记录', '165', '0', '#', '异动申请记录', '', '', null, null, '', '', '', '', null);
INSERT INTO `sec_menu` VALUES ('1660', '岗位变动申请', '166', '0', '#', '岗位变动申请', '', '', null, null, '', '', '', '', null);
INSERT INTO `sec_menu` VALUES ('1661', '岗位变动审核', '166', '0', '#', '岗位变动审核', '', '', null, null, '', '', '', '', null);
INSERT INTO `sec_menu` VALUES ('1662', '岗位变动申请单', '166', '0', '#', '岗位变动申请单', '', '', null, null, '', '', '', '', null);
INSERT INTO `sec_menu` VALUES ('1670', '人员档案统计表', '167', '0', '#', '人员档案统计表', '', '', null, null, '', '', '', '', null);
INSERT INTO `sec_menu` VALUES ('1671', '人员结构分析表', '167', '0', '#', '人员结构分析表', '', '', null, null, '', '', '', '', null);
INSERT INTO `sec_menu` VALUES ('1672', '部门分类统计表', '167', '0', '#', '部门分类统计表', '', '', null, null, '', '', '', '', null);
INSERT INTO `sec_menu` VALUES ('1673', '月度人员流动分析表', '167', '0', '#', '月度人员流动分析表', '', '', null, null, '', '', '', '', null);
INSERT INTO `sec_menu` VALUES ('1674', '能力素质统计表', '167', '0', '#', '能力素质统计表', '', '', null, null, '', '', '', '', null);
INSERT INTO `sec_menu` VALUES ('1675', '员工年龄占比', '167', '0', '#', '员工年龄占比', '', '', null, null, '', '', '', '', null);
INSERT INTO `sec_menu` VALUES ('1680', '人员静态分析', '168', '0', '#', '人员静态分析', '', '', null, null, '', '', '', '', null);
INSERT INTO `sec_menu` VALUES ('1681', '人员动态分析', '168', '0', '#', '人员动态分析', '', '', null, null, '', '', '', '', null);
INSERT INTO `sec_menu` VALUES ('1700', '班次设定', '170', '0', '#', '班次设定', '', '', null, null, '', '', '', '', null);
INSERT INTO `sec_menu` VALUES ('1701', '班组设定', '170', '0', '#', '班组设定', '', '', null, null, '', '', '', '', null);
INSERT INTO `sec_menu` VALUES ('1702', '部门排班', '170', '0', '#', '部门排班', '', '', null, null, '', '', '', '', null);
INSERT INTO `sec_menu` VALUES ('1703', '个人排班', '170', '0', '#', '个人排班', '', '', null, null, '', '', '', '', null);
INSERT INTO `sec_menu` VALUES ('1704', '排班查询', '170', '0', '#', '排班查询', '', '', null, null, '', '', '', '', null);
INSERT INTO `sec_menu` VALUES ('1710', '打卡记录', '171', '0', 'javascript:void(0);', '打卡记录', '', '', null, null, '', '', '', '', null);
INSERT INTO `sec_menu` VALUES ('1711', '出勤明细', '171', '0', '#', '出勤明细', '', '', null, null, '', '', '', '', null);
INSERT INTO `sec_menu` VALUES ('1712', '补卡申请', '171', '0', 'javascript:void(0);', '补卡申请', '', '', null, null, '', '', '', '', null);
INSERT INTO `sec_menu` VALUES ('1713', '补卡审批', '171', '0', '#', '补卡审批', '', '', null, null, '', '', '', '', null);
INSERT INTO `sec_menu` VALUES ('1714', '审批记录', '171', '0', '#', '审批记录', '', '', null, null, '', '', '', '', null);
INSERT INTO `sec_menu` VALUES ('1720', '日报管理', '172', '0', '#', '日报管理', '', '', null, null, '', '', '', '', null);
INSERT INTO `sec_menu` VALUES ('1721', '日报审核', '172', '0', '#', '日报审核', '', '', null, null, '', '', '', '', null);
INSERT INTO `sec_menu` VALUES ('1722', '日报查询', '172', '0', '#', '日报查询', '', '', null, null, '', '', '', '', null);
INSERT INTO `sec_menu` VALUES ('1723', '出勤明细', '172', '0', '#', '出勤明细', '', '', null, null, '', '', '', '', null);
INSERT INTO `sec_menu` VALUES ('1730', '月报管理', '173', '0', '#', '月报管理', '', '', null, null, '', '', '', '', null);
INSERT INTO `sec_menu` VALUES ('1731', '月报审核', '173', '0', '#', '月报审核', '', '', null, null, '', '', '', '', null);
INSERT INTO `sec_menu` VALUES ('1732', '月报查询', '173', '0', '#', '月报查询', '', '', null, null, '', '', '', '', null);
INSERT INTO `sec_menu` VALUES ('1740', '年报管理', '174', '0', 'javascript:void(0);', '年报管理', '', '', null, null, '', '', '', '', null);
INSERT INTO `sec_menu` VALUES ('1741', '年报审核', '174', '0', '#', '年报审核', '', '', null, null, '', '', '', '', null);
INSERT INTO `sec_menu` VALUES ('1742', '年报查询', '174', '0', '#', '年报查询', '', '', null, null, '', '', '', '', null);
INSERT INTO `sec_menu` VALUES ('1750', '请假记录', '175', '0', '#', '请假记录', '', '', null, null, '', '', '', '', null);
INSERT INTO `sec_menu` VALUES ('1751', '请假审核', '175', '0', '#', '请假审核', '', '', null, null, '', '', '', '', null);
INSERT INTO `sec_menu` VALUES ('1752', '请假查询', '175', '0', '#', '请假查询', '', '', null, null, '', '', '', '', null);
INSERT INTO `sec_menu` VALUES ('1753', '年假管理', '175', '0', '#', '年假管理', '', '', null, null, '', '', '', '', null);
INSERT INTO `sec_menu` VALUES ('1754', '年假规则设置', '175', '0', '#', '年假规则设置', '', '', null, null, '', '', '', '', null);
INSERT INTO `sec_menu` VALUES ('1760', '加班申请', '176', '0', '#', '加班申请', '', '', null, null, '', '', '', '', null);
INSERT INTO `sec_menu` VALUES ('1761', '加班申请审核', '176', '0', '#', '加班申请审核', '', '', null, null, '', '', '', '', null);
INSERT INTO `sec_menu` VALUES ('1762', '加班申请查询', '176', '0', '#', '加班申请查询', '', '', null, null, '', '', '', '', null);
INSERT INTO `sec_menu` VALUES ('1763', '加班申请记录', '176', '0', '#', '加班申请记录', '', '', null, null, '', '', '', '', null);
INSERT INTO `sec_menu` VALUES ('1764', '加班记录', '176', '0', '#', '加班记录', '', '', null, null, '', '', '', '', null);
INSERT INTO `sec_menu` VALUES ('1765', '加班统计', '176', '0', '#', '加班统计', '', '', null, null, '', '', '', '', null);
INSERT INTO `sec_menu` VALUES ('1766', '加班申请实际对比表', '176', '0', '#', '加班申请实际对比表', '', '', null, null, '', '', '', '', null);
INSERT INTO `sec_menu` VALUES ('1770', '出差记录', '177', '0', '#', '出差记录', '', '', null, null, '', '', '', '', null);
INSERT INTO `sec_menu` VALUES ('1771', '出差申请', '177', '0', '#', '出差申请', '', '', null, null, '', '', '', '', null);
INSERT INTO `sec_menu` VALUES ('1772', '出差管理', '177', '0', '#', '出差管理', '', '', null, null, '', '', '', '', null);
INSERT INTO `sec_menu` VALUES ('1773', '出差查询', '177', '0', '#', '出差查询', '', '', null, null, '', '', '', '', null);
INSERT INTO `sec_menu` VALUES ('1774', '出差统计', '177', '0', '#', '出差统计', '', '', null, null, '', '', '', '', null);
INSERT INTO `sec_menu` VALUES ('1775', '费用统计', '177', '0', '#', '费用统计', '', '', null, null, '', '', '', '', null);
INSERT INTO `sec_menu` VALUES ('1780', '调休申请', '178', '0', 'javascript:void(0);', '调休申请', '', '', null, null, '', '', '', '', null);
INSERT INTO `sec_menu` VALUES ('1781', '调休审核', '178', '0', '#', '调休审核', '', '', null, null, '', '', '', '', null);
INSERT INTO `sec_menu` VALUES ('1782', '加班信息', '178', '0', '#', '加班信息', '', '', null, null, '', '', '', '', null);
INSERT INTO `sec_menu` VALUES ('1783', '调休查询', '178', '0', '#', '调休查询', '', '', null, null, '', '', '', '', null);
INSERT INTO `sec_menu` VALUES ('1784', '调休统计', '178', '0', '#', '调休统计', '', '', null, null, '', '', '', '', null);
INSERT INTO `sec_menu` VALUES ('1790', '打卡记录报表', '179', '0', '#', '打卡记录报表', '', '', null, null, '', '', '', '', null);
INSERT INTO `sec_menu` VALUES ('1791', '考勤日报表', '179', '0', '#', '考勤日报表', '', '', null, null, '', '', '', '', null);
INSERT INTO `sec_menu` VALUES ('1792', '考勤月报表', '179', '0', '#', '考勤月报表', '', '', null, null, '', '', '', '', null);
INSERT INTO `sec_menu` VALUES ('1793', '考勤年报表', '179', '0', '#', '考勤年报表', '', '', null, null, '', '', '', '', null);
INSERT INTO `sec_menu` VALUES ('1794', '加班统计表', '179', '0', '#', '加班统计表', '', '', null, null, '', '', '', '', null);
INSERT INTO `sec_menu` VALUES ('1795', '出差统计报表', '179', '0', '#', '出差统计报表', '', '', null, null, '', '', '', '', null);
INSERT INTO `sec_menu` VALUES ('1796', '调休统计报表', '179', '0', '#', '调休统计报表', '', '', null, null, '', '', '', '', null);
INSERT INTO `sec_menu` VALUES ('1810', '员工方案配置', '181', '0', '#', '员工方案配置', '', '', null, null, '', '', '', '', null);
INSERT INTO `sec_menu` VALUES ('1820', '工资固定项设置', '182', '0', '#', '工资固定项设置', '', '', null, null, '', '', '', '', null);
INSERT INTO `sec_menu` VALUES ('1821', '工资造表', '182', '0', '#', '工资造表', '', '', null, null, '', '', '', '', null);
INSERT INTO `sec_menu` VALUES ('1822', '工资审核', '182', '0', '#', '工资审核', '', '', null, null, '', '', '', '', null);
INSERT INTO `sec_menu` VALUES ('1823', '工资发放', '182', '0', '#', '工资发放', '', '', null, null, '', '', '', '', null);
INSERT INTO `sec_menu` VALUES ('1824', '打印工资条', '182', '0', '#', '打印工资条', '', '', null, null, '', '', '', '', null);
INSERT INTO `sec_menu` VALUES ('1830', '月方案工资汇总', '183', '0', '#', '月方案工资汇总', '', '', null, null, '', '', '', '', null);
INSERT INTO `sec_menu` VALUES ('1831', '月工资汇总', '183', '0', '#', '月工资汇总', '', '', null, null, '', '', '', '', null);
INSERT INTO `sec_menu` VALUES ('1832', '银行报盘', '183', '0', '#', '银行报盘', '', '', null, null, '', '', '', '', null);
INSERT INTO `sec_menu` VALUES ('1840', '部门工资分析', '184', '0', '#', '部门工资分析', '', '', null, null, '', '', '', '', null);
INSERT INTO `sec_menu` VALUES ('1841', '岗位工资分析', '184', '0', '#', '岗位工资分析', '', '', null, null, '', '', '', '', null);
INSERT INTO `sec_menu` VALUES ('1850', '考勤规则', '185', '0', '#', '考勤规则', '', '', null, null, '', '', '', '', null);
INSERT INTO `sec_menu` VALUES ('1851', '是否考勤', '185', '0', '#', '是否考勤', '', '', null, null, '', '', '', '', null);
INSERT INTO `sec_menu` VALUES ('1852', '卡号设置', '185', '0', '#', '卡号设置', '', '', null, null, '', '', '', '', null);
INSERT INTO `sec_menu` VALUES ('1853', '流程定义', '185', '0', '#', '流程定义', '', '', null, null, '', '', '', '', null);
INSERT INTO `sec_menu` VALUES ('1854', '节假日设定', '185', '0', '#', '节假日设定', '', '', null, null, '', '', '', '', null);
INSERT INTO `sec_menu` VALUES ('1855', '加班规则转化', '185', '0', '#', '加班规则转化', '', '', null, null, '', '', '', '', null);
INSERT INTO `sec_menu` VALUES ('1856', '请假类别设置', '185', '0', '#', '请假类别设置', '', '', null, null, '', '', '', '', null);
INSERT INTO `sec_menu` VALUES ('1857', '薪酬分析', '185', '0', '/advertise_admin/collect_inf/display_interveiw.jsp', '薪酬分析', '', '', null, null, '', '', '', '', null);
INSERT INTO `sec_menu` VALUES ('1930', '收集应聘者信息', '193', '0', '/advertise_admin/collect_inf/display_interveiw.jsp', '收集应聘者信息', '', '', null, null, '', '/adminAdvetise/resumeAdmin_', '', '', null);
INSERT INTO `sec_menu` VALUES ('1931', '录用与淘汰', '193', '0', '/advertise_admin/collect_inf/hire_fail.jsp', '录用与淘汰', '', '', null, null, '', '/adminAdvetise/resumeAdmin_', '', '', null);
 
-- Records of sec_resource
-- ----------------------------
INSERT INTO `sec_resource` VALUES ('101', '待办任务', '/snaker/task/active', '1111');
INSERT INTO `sec_resource` VALUES ('102', '流程实例', '/snaker/order', '1112');
INSERT INTO `sec_resource` VALUES ('103', '历史任务', '/snaker/task/history', '1113');
INSERT INTO `sec_resource` VALUES ('104', '流程定义', '/snaker/process/list', '1114');
INSERT INTO `sec_resource` VALUES ('105', '流程部署', '/snaker/process/deploy/**;/snaker/process/add/**', null);
INSERT INTO `sec_resource` VALUES ('106', '委托授权', '/snaker/surrogate/list', '1115');
INSERT INTO `sec_resource` VALUES ('301', '字典查询', '/config/dictionary', '1121');
INSERT INTO `sec_resource` VALUES ('302', '字典查看', '/config/dictionary/view/**', null);
INSERT INTO `sec_resource` VALUES ('303', '字典编辑', '/config/dictionary/update/**;/config/dictionary/create/**', null);
INSERT INTO `sec_resource` VALUES ('304', '字典删除', '/config/dictionary/delete/**', null);
INSERT INTO `sec_resource` VALUES ('311', '表单查询', '/form/form', '1122');
INSERT INTO `sec_resource` VALUES ('312', '表单查看', '/form/form/view/**', null);
INSERT INTO `sec_resource` VALUES ('313', '表单编辑', '/form/form/update/**;/form/form/create/**', null);
INSERT INTO `sec_resource` VALUES ('314', '表单删除', '/form/form/delete/**', null);
INSERT INTO `sec_resource` VALUES ('321', '表查询', '/form/dbtable', '1123');
INSERT INTO `sec_resource` VALUES ('322', '表查看', '/form/dbtable/view/**', null);
INSERT INTO `sec_resource` VALUES ('323', '表编辑', '/form/dbtable/update/**;/form/dbtable/create/**', null);
INSERT INTO `sec_resource` VALUES ('324', '表删除', '/form/dbtable/delete/**', null);
INSERT INTO `sec_resource` VALUES ('401', '用户查询', '/security/user', '1000');
INSERT INTO `sec_resource` VALUES ('402', '部门查询', '/security/org', '1011');
INSERT INTO `sec_resource` VALUES ('403', '角色查询', '/security/role', '1143');
INSERT INTO `sec_resource` VALUES ('404', '权限查询', '/security/authority', '109');
INSERT INTO `sec_resource` VALUES ('405', '资源查询', '/security/resource', '1145');
INSERT INTO `sec_resource` VALUES ('406', '菜单查询', '/security/menu', '1020');
INSERT INTO `sec_resource` VALUES ('411', '用户查看', '/security/user/view/**', null);
INSERT INTO `sec_resource` VALUES ('412', '部门查看', '/security/org/view/**', null);
INSERT INTO `sec_resource` VALUES ('413', '角色查看', '/security/role/view/**', null);
INSERT INTO `sec_resource` VALUES ('414', '权限查看', '/security/authority/view/**', null);
INSERT INTO `sec_resource` VALUES ('415', '资源查看', '/security/resource/view/**', null);
INSERT INTO `sec_resource` VALUES ('416', '菜单查看', '/security/menu/view/**', null);
INSERT INTO `sec_resource` VALUES ('421', '用户删除', '/security/user/delete/**', null);
INSERT INTO `sec_resource` VALUES ('422', '部门删除', '/security/org/delete/**', null);
INSERT INTO `sec_resource` VALUES ('423', '角色删除', '/security/role/delete/**', null);
INSERT INTO `sec_resource` VALUES ('424', '权限删除', '/security/authority/delete/**', null);
INSERT INTO `sec_resource` VALUES ('425', '资源删除', '/security/resource/delete/**', null);
INSERT INTO `sec_resource` VALUES ('426', '菜单删除', '/security/menu/delete/**', null);
INSERT INTO `sec_resource` VALUES ('431', '用户编辑', '/security/user/update/**;/security/user/create/**', null);
INSERT INTO `sec_resource` VALUES ('432', '部门编辑', '/security/org/update/**;/security/org/create/**', null);
INSERT INTO `sec_resource` VALUES ('433', '角色编辑', '/security/role/update/**;/security/role/create/**', null);
INSERT INTO `sec_resource` VALUES ('434', '权限编辑', '/security/authority/update/**;/security/authority/create/**', null);
INSERT INTO `sec_resource` VALUES ('435', '资源编辑', '/security/resource/update/**;/security/resource/create/**', null);
INSERT INTO `sec_resource` VALUES ('436', '菜单编辑', '/security/menu/update/**;/security/menu/create/**', null);


INSERT INTO sec_authority (ID, DESCRIPTION, NAME) VALUES (101, '待办任务', 'ACTIVETASK');
INSERT INTO sec_authority (ID, DESCRIPTION, NAME) VALUES (102, '流程实例', 'ORDER');
INSERT INTO sec_authority (ID, DESCRIPTION, NAME) VALUES (103, '历史任务', 'HISTORYTASK');
INSERT INTO sec_authority (ID, DESCRIPTION, NAME) VALUES (104, '流程定义', 'PROCESSLIST');
INSERT INTO sec_authority (ID, DESCRIPTION, NAME) VALUES (105, '流程部署', 'PROCESSDEPLOY');
INSERT INTO sec_authority (ID, DESCRIPTION, NAME) VALUES (106, '委托授权', 'SURROGATE');

INSERT INTO sec_authority (ID, DESCRIPTION, NAME) VALUES (301, '字典查询', 'DICTLIST');
INSERT INTO sec_authority (ID, DESCRIPTION, NAME) VALUES (302, '字典查看', 'DICTVIEW');
INSERT INTO sec_authority (ID, DESCRIPTION, NAME) VALUES (303, '字典编辑', 'DICTEDIT');
INSERT INTO sec_authority (ID, DESCRIPTION, NAME) VALUES (304, '字典删除', 'DICTDELETE');
INSERT INTO sec_authority (ID, DESCRIPTION, NAME) VALUES (311, '表单查询', 'FORMTLIST');
INSERT INTO sec_authority (ID, DESCRIPTION, NAME) VALUES (312, '表单查看', 'FORMVIEW');
INSERT INTO sec_authority (ID, DESCRIPTION, NAME) VALUES (313, '表单编辑', 'FORMEDIT');
INSERT INTO sec_authority (ID, DESCRIPTION, NAME) VALUES (314, '表单删除', 'FORMDELETE');
INSERT INTO sec_authority (ID, DESCRIPTION, NAME) VALUES (321, '表查询', 'DBTABLELIST');
INSERT INTO sec_authority (ID, DESCRIPTION, NAME) VALUES (322, '表查看', 'DBTABLEVIEW');
INSERT INTO sec_authority (ID, DESCRIPTION, NAME) VALUES (323, '表编辑', 'DBTABLEEDIT');
INSERT INTO sec_authority (ID, DESCRIPTION, NAME) VALUES (324, '表删除', 'DBTABLEDELETE');

INSERT INTO sec_authority (ID, DESCRIPTION, NAME) VALUES (401, '用户查询', 'USERLIST');
INSERT INTO sec_authority (ID, DESCRIPTION, NAME) VALUES (402, '部门查询', 'ORGLIST');
INSERT INTO sec_authority (ID, DESCRIPTION, NAME) VALUES (403, '角色查询', 'ROLELIST');
INSERT INTO sec_authority (ID, DESCRIPTION, NAME) VALUES (404, '权限查询', 'AUTHORITYLIST');
INSERT INTO sec_authority (ID, DESCRIPTION, NAME) VALUES (405, '资源查询', 'RESOURCELIST');
INSERT INTO sec_authority (ID, DESCRIPTION, NAME) VALUES (406, '菜单查询', 'MENULIST');
INSERT INTO sec_authority (ID, DESCRIPTION, NAME) VALUES (411, '用户查看', 'USERVIEW');
INSERT INTO sec_authority (ID, DESCRIPTION, NAME) VALUES (412, '部门查看', 'ORGVIEW');
INSERT INTO sec_authority (ID, DESCRIPTION, NAME) VALUES (413, '角色查看', 'ROLEVIEW');
INSERT INTO sec_authority (ID, DESCRIPTION, NAME) VALUES (414, '权限查看', 'AUTHORITYVIEW');
INSERT INTO sec_authority (ID, DESCRIPTION, NAME) VALUES (415, '资源查看', 'RESOURCEVIEW');
INSERT INTO sec_authority (ID, DESCRIPTION, NAME) VALUES (416, '菜单查看', 'MENUVIEW');
INSERT INTO sec_authority (ID, DESCRIPTION, NAME) VALUES (421, '用户删除', 'USERDELETE');
INSERT INTO sec_authority (ID, DESCRIPTION, NAME) VALUES (422, '部门删除', 'ORGDELETE');
INSERT INTO sec_authority (ID, DESCRIPTION, NAME) VALUES (423, '角色删除', 'ROLEDELETE');
INSERT INTO sec_authority (ID, DESCRIPTION, NAME) VALUES (424, '权限删除', 'AUTHORITYDELETE');
INSERT INTO sec_authority (ID, DESCRIPTION, NAME) VALUES (425, '资源删除', 'RESOURCEDELETE');
INSERT INTO sec_authority (ID, DESCRIPTION, NAME) VALUES (426, '菜单删除', 'MENUDELETE');
INSERT INTO sec_authority (ID, DESCRIPTION, NAME) VALUES (431, '用户编辑', 'USEREDIT');
INSERT INTO sec_authority (ID, DESCRIPTION, NAME) VALUES (432, '部门编辑', 'ORGEDIT');
INSERT INTO sec_authority (ID, DESCRIPTION, NAME) VALUES (433, '角色编辑', 'ROLEEDIT');
INSERT INTO sec_authority (ID, DESCRIPTION, NAME) VALUES (434, '权限编辑', 'AUTHORITYEDIT');
INSERT INTO sec_authority (ID, DESCRIPTION, NAME) VALUES (435, '资源编辑', 'RESOURCEEDIT');
INSERT INTO sec_authority (ID, DESCRIPTION, NAME) VALUES (436, '菜单编辑', 'MENUEDIT');

INSERT INTO sec_authority_resource (AUTHORITY_ID, RESOURCE_ID) VALUES (101, 101);
INSERT INTO sec_authority_resource (AUTHORITY_ID, RESOURCE_ID) VALUES (102, 102);
INSERT INTO sec_authority_resource (AUTHORITY_ID, RESOURCE_ID) VALUES (103, 103);
INSERT INTO sec_authority_resource (AUTHORITY_ID, RESOURCE_ID) VALUES (104, 104);
INSERT INTO sec_authority_resource (AUTHORITY_ID, RESOURCE_ID) VALUES (105, 105);
INSERT INTO sec_authority_resource (AUTHORITY_ID, RESOURCE_ID) VALUES (106, 106);

INSERT INTO sec_authority_resource (AUTHORITY_ID, RESOURCE_ID) VALUES (301, 301);
INSERT INTO sec_authority_resource (AUTHORITY_ID, RESOURCE_ID) VALUES (302, 302);
INSERT INTO sec_authority_resource (AUTHORITY_ID, RESOURCE_ID) VALUES (303, 303);
INSERT INTO sec_authority_resource (AUTHORITY_ID, RESOURCE_ID) VALUES (304, 304);
INSERT INTO sec_authority_resource (AUTHORITY_ID, RESOURCE_ID) VALUES (311, 311);
INSERT INTO sec_authority_resource (AUTHORITY_ID, RESOURCE_ID) VALUES (312, 312);
INSERT INTO sec_authority_resource (AUTHORITY_ID, RESOURCE_ID) VALUES (313, 313);
INSERT INTO sec_authority_resource (AUTHORITY_ID, RESOURCE_ID) VALUES (314, 314);
INSERT INTO sec_authority_resource (AUTHORITY_ID, RESOURCE_ID) VALUES (321, 321);
INSERT INTO sec_authority_resource (AUTHORITY_ID, RESOURCE_ID) VALUES (322, 322);
INSERT INTO sec_authority_resource (AUTHORITY_ID, RESOURCE_ID) VALUES (323, 323);
INSERT INTO sec_authority_resource (AUTHORITY_ID, RESOURCE_ID) VALUES (324, 324);

INSERT INTO sec_authority_resource (AUTHORITY_ID, RESOURCE_ID) VALUES (401, 401);
INSERT INTO sec_authority_resource (AUTHORITY_ID, RESOURCE_ID) VALUES (402, 402);
INSERT INTO sec_authority_resource (AUTHORITY_ID, RESOURCE_ID) VALUES (403, 403);
INSERT INTO sec_authority_resource (AUTHORITY_ID, RESOURCE_ID) VALUES (404, 404);
INSERT INTO sec_authority_resource (AUTHORITY_ID, RESOURCE_ID) VALUES (405, 405);
INSERT INTO sec_authority_resource (AUTHORITY_ID, RESOURCE_ID) VALUES (406, 406);
INSERT INTO sec_authority_resource (AUTHORITY_ID, RESOURCE_ID) VALUES (411, 411);
INSERT INTO sec_authority_resource (AUTHORITY_ID, RESOURCE_ID) VALUES (412, 412);
INSERT INTO sec_authority_resource (AUTHORITY_ID, RESOURCE_ID) VALUES (413, 413);
INSERT INTO sec_authority_resource (AUTHORITY_ID, RESOURCE_ID) VALUES (414, 414);
INSERT INTO sec_authority_resource (AUTHORITY_ID, RESOURCE_ID) VALUES (415, 415);
INSERT INTO sec_authority_resource (AUTHORITY_ID, RESOURCE_ID) VALUES (416, 416);
INSERT INTO sec_authority_resource (AUTHORITY_ID, RESOURCE_ID) VALUES (421, 421);
INSERT INTO sec_authority_resource (AUTHORITY_ID, RESOURCE_ID) VALUES (422, 422);
INSERT INTO sec_authority_resource (AUTHORITY_ID, RESOURCE_ID) VALUES (423, 423);
INSERT INTO sec_authority_resource (AUTHORITY_ID, RESOURCE_ID) VALUES (424, 424);
INSERT INTO sec_authority_resource (AUTHORITY_ID, RESOURCE_ID) VALUES (425, 425);
INSERT INTO sec_authority_resource (AUTHORITY_ID, RESOURCE_ID) VALUES (426, 426);
INSERT INTO sec_authority_resource (AUTHORITY_ID, RESOURCE_ID) VALUES (431, 431);
INSERT INTO sec_authority_resource (AUTHORITY_ID, RESOURCE_ID) VALUES (432, 432);
INSERT INTO sec_authority_resource (AUTHORITY_ID, RESOURCE_ID) VALUES (433, 433);
INSERT INTO sec_authority_resource (AUTHORITY_ID, RESOURCE_ID) VALUES (434, 434);
INSERT INTO sec_authority_resource (AUTHORITY_ID, RESOURCE_ID) VALUES (435, 435);
INSERT INTO sec_authority_resource (AUTHORITY_ID, RESOURCE_ID) VALUES (436, 436);


INSERT INTO sec_role (ID, DESCRIPTION, NAME) VALUES (1, '系统管理员', 'Admin');
INSERT INTO sec_role (ID, DESCRIPTION, NAME) VALUES (2, '普通用户', 'General');

INSERT INTO sec_role_authority (ROLE_ID, AUTHORITY_ID) VALUES (1, 101);
INSERT INTO sec_role_authority (ROLE_ID, AUTHORITY_ID) VALUES (1, 102);
INSERT INTO sec_role_authority (ROLE_ID, AUTHORITY_ID) VALUES (1, 103);
INSERT INTO sec_role_authority (ROLE_ID, AUTHORITY_ID) VALUES (1, 104);
INSERT INTO sec_role_authority (ROLE_ID, AUTHORITY_ID) VALUES (1, 105);
INSERT INTO sec_role_authority (ROLE_ID, AUTHORITY_ID) VALUES (1, 106);
INSERT INTO sec_role_authority (ROLE_ID, AUTHORITY_ID) VALUES (1, 301);
INSERT INTO sec_role_authority (ROLE_ID, AUTHORITY_ID) VALUES (1, 302);
INSERT INTO sec_role_authority (ROLE_ID, AUTHORITY_ID) VALUES (1, 303);
INSERT INTO sec_role_authority (ROLE_ID, AUTHORITY_ID) VALUES (1, 304);
INSERT INTO sec_role_authority (ROLE_ID, AUTHORITY_ID) VALUES (1, 311);
INSERT INTO sec_role_authority (ROLE_ID, AUTHORITY_ID) VALUES (1, 312);
INSERT INTO sec_role_authority (ROLE_ID, AUTHORITY_ID) VALUES (1, 313);
INSERT INTO sec_role_authority (ROLE_ID, AUTHORITY_ID) VALUES (1, 314);
INSERT INTO sec_role_authority (ROLE_ID, AUTHORITY_ID) VALUES (1, 321);
INSERT INTO sec_role_authority (ROLE_ID, AUTHORITY_ID) VALUES (1, 322);
INSERT INTO sec_role_authority (ROLE_ID, AUTHORITY_ID) VALUES (1, 323);
INSERT INTO sec_role_authority (ROLE_ID, AUTHORITY_ID) VALUES (1, 401);
INSERT INTO sec_role_authority (ROLE_ID, AUTHORITY_ID) VALUES (1, 402);
INSERT INTO sec_role_authority (ROLE_ID, AUTHORITY_ID) VALUES (1, 403);
INSERT INTO sec_role_authority (ROLE_ID, AUTHORITY_ID) VALUES (1, 404);
INSERT INTO sec_role_authority (ROLE_ID, AUTHORITY_ID) VALUES (1, 405);
INSERT INTO sec_role_authority (ROLE_ID, AUTHORITY_ID) VALUES (1, 406);
INSERT INTO sec_role_authority (ROLE_ID, AUTHORITY_ID) VALUES (1, 411);
INSERT INTO sec_role_authority (ROLE_ID, AUTHORITY_ID) VALUES (1, 412);
INSERT INTO sec_role_authority (ROLE_ID, AUTHORITY_ID) VALUES (1, 413);
INSERT INTO sec_role_authority (ROLE_ID, AUTHORITY_ID) VALUES (1, 414);
INSERT INTO sec_role_authority (ROLE_ID, AUTHORITY_ID) VALUES (1, 415);
INSERT INTO sec_role_authority (ROLE_ID, AUTHORITY_ID) VALUES (1, 416);
INSERT INTO sec_role_authority (ROLE_ID, AUTHORITY_ID) VALUES (1, 421);
INSERT INTO sec_role_authority (ROLE_ID, AUTHORITY_ID) VALUES (1, 422);
INSERT INTO sec_role_authority (ROLE_ID, AUTHORITY_ID) VALUES (1, 423);
INSERT INTO sec_role_authority (ROLE_ID, AUTHORITY_ID) VALUES (1, 424);
INSERT INTO sec_role_authority (ROLE_ID, AUTHORITY_ID) VALUES (1, 425);
INSERT INTO sec_role_authority (ROLE_ID, AUTHORITY_ID) VALUES (1, 426);
INSERT INTO sec_role_authority (ROLE_ID, AUTHORITY_ID) VALUES (1, 431);
INSERT INTO sec_role_authority (ROLE_ID, AUTHORITY_ID) VALUES (1, 432);
INSERT INTO sec_role_authority (ROLE_ID, AUTHORITY_ID) VALUES (1, 433);
INSERT INTO sec_role_authority (ROLE_ID, AUTHORITY_ID) VALUES (1, 434);
INSERT INTO sec_role_authority (ROLE_ID, AUTHORITY_ID) VALUES (1, 435);
INSERT INTO sec_role_authority (ROLE_ID, AUTHORITY_ID) VALUES (1, 436);

INSERT INTO sec_role_authority (ROLE_ID, AUTHORITY_ID) VALUES (2, 101);
INSERT INTO sec_role_authority (ROLE_ID, AUTHORITY_ID) VALUES (2, 102);
INSERT INTO sec_role_authority (ROLE_ID, AUTHORITY_ID) VALUES (2, 103);
INSERT INTO sec_role_authority (ROLE_ID, AUTHORITY_ID) VALUES (2, 104);
INSERT INTO sec_role_authority (ROLE_ID, AUTHORITY_ID) VALUES (2, 106);
INSERT INTO sec_role_authority (ROLE_ID, AUTHORITY_ID) VALUES (2, 301);
INSERT INTO sec_role_authority (ROLE_ID, AUTHORITY_ID) VALUES (2, 302);
INSERT INTO sec_role_authority (ROLE_ID, AUTHORITY_ID) VALUES (2, 401);
INSERT INTO sec_role_authority (ROLE_ID, AUTHORITY_ID) VALUES (2, 402);
INSERT INTO sec_role_authority (ROLE_ID, AUTHORITY_ID) VALUES (2, 403);
INSERT INTO sec_role_authority (ROLE_ID, AUTHORITY_ID) VALUES (2, 404);
INSERT INTO sec_role_authority (ROLE_ID, AUTHORITY_ID) VALUES (2, 405);
INSERT INTO sec_role_authority (ROLE_ID, AUTHORITY_ID) VALUES (2, 406);
INSERT INTO sec_role_authority (ROLE_ID, AUTHORITY_ID) VALUES (2, 411);
INSERT INTO sec_role_authority (ROLE_ID, AUTHORITY_ID) VALUES (2, 412);
INSERT INTO sec_role_authority (ROLE_ID, AUTHORITY_ID) VALUES (2, 413);
INSERT INTO sec_role_authority (ROLE_ID, AUTHORITY_ID) VALUES (2, 414);
INSERT INTO sec_role_authority (ROLE_ID, AUTHORITY_ID) VALUES (2, 415);
INSERT INTO sec_role_authority (ROLE_ID, AUTHORITY_ID) VALUES (2, 416);


INSERT INTO sec_org (ID, ACTIVE, DESCRIPTION, FULLNAME, NAME, TYPE, PARENT_ORG) VALUES(200, NULL, NULL, NULL, 'XXX有限公司', NULL, NULL);

INSERT INTO sec_org (ID, ACTIVE, DESCRIPTION, FULLNAME, NAME, TYPE, PARENT_ORG) VALUES(2000, NULL, NULL, NULL, '行政部', NULL, 200);
INSERT INTO sec_org (ID, ACTIVE, DESCRIPTION, FULLNAME, NAME, TYPE, PARENT_ORG) VALUES(2001, NULL, NULL, NULL, '市场部', NULL, 200);
INSERT INTO sec_org (ID, ACTIVE, DESCRIPTION, FULLNAME, NAME, TYPE, PARENT_ORG) VALUES(2002, NULL, NULL, NULL, '研发部', NULL, 200);
INSERT INTO sec_org (ID, ACTIVE, DESCRIPTION, FULLNAME, NAME, TYPE, PARENT_ORG) VALUES(2003, NULL, NULL, NULL, '客服部', NULL, 200);

INSERT INTO sec_org (ID, ACTIVE, DESCRIPTION, FULLNAME, NAME, TYPE, PARENT_ORG) VALUES(200200, NULL, NULL, NULL, '测试组', NULL, 2002);
INSERT INTO sec_org (ID, ACTIVE, DESCRIPTION, FULLNAME, NAME, TYPE, PARENT_ORG) VALUES(200201, NULL, NULL, NULL, '质量组', NULL, 2002);
INSERT INTO sec_org (ID, ACTIVE, DESCRIPTION, FULLNAME, NAME, TYPE, PARENT_ORG) VALUES(200202, NULL, NULL, NULL, '研发组', NULL, 2002);
INSERT INTO sec_org (ID, ACTIVE, DESCRIPTION, FULLNAME, NAME, TYPE, PARENT_ORG) VALUES(200203, NULL, NULL, NULL, '需求组', NULL, 2002);
INSERT INTO sec_org (ID, ACTIVE, DESCRIPTION, FULLNAME, NAME, TYPE, PARENT_ORG) VALUES(200204, NULL, NULL, NULL, 'UI组', NULL, 2002);

INSERT INTO sec_user (ID, ADDRESS, AGE, EMAIL, ENABLED, FULLNAME, PASSWORD, SEX, TYPE, USERNAME, ORG, SALT)
VALUES (1, '', NULL, '', '1', '系统管理员', 'f9e1a0299c2570eb5942fbbda0b2a8ceb2ef9769', '1', NULL, 'admin', 200, 'e97e0cea2389225f');
INSERT INTO sec_user (ID, ADDRESS, AGE, EMAIL, ENABLED, FULLNAME, PASSWORD, SEX, TYPE, USERNAME, ORG, SALT)
VALUES (2, '', NULL, '', '1', 'test', 'f9e1a0299c2570eb5942fbbda0b2a8ceb2ef9769', '1', NULL, 'test', 200200, 'e97e0cea2389225f');
INSERT INTO sec_user (ID, ADDRESS, AGE, EMAIL, ENABLED, FULLNAME, PASSWORD, SEX, TYPE, USERNAME, ORG, SALT)
VALUES (3, '', NULL, '', '1', 'snaker', 'f9e1a0299c2570eb5942fbbda0b2a8ceb2ef9769', '1', NULL, 'snaker', 200202, 'e97e0cea2389225f');

INSERT INTO sec_role_user (USER_ID, ROLE_ID) VALUES (1, 1);
INSERT INTO sec_role_user (USER_ID, ROLE_ID) VALUES (2, 2);
INSERT INTO sec_role_user (USER_ID, ROLE_ID) VALUES (3, 2);

INSERT INTO conf_dictionary (ID, DESCRIPTION, NAME, CN_NAME) VALUES (1, '', 'yesNo', '是否');
INSERT INTO conf_dictionary (ID, DESCRIPTION, NAME, CN_NAME) VALUES (2, '', 'sex', '性别');
INSERT INTO conf_dictionary (ID, DESCRIPTION, NAME, CN_NAME) VALUES (3, '', 'formType', '表单类型');
INSERT INTO conf_dictionary (ID, DESCRIPTION, NAME, CN_NAME) VALUES (4, '', 'fieldType', '字段类型');
INSERT INTO conf_dictionary (ID, DESCRIPTION, NAME, CN_NAME) VALUES (5, '', 'fieldDefault', '默认字段值');

INSERT INTO conf_dictitem (ID, DESCRIPTION, NAME, ORDERBY, DICTIONARY, CODE) VALUES (11, '', '是', 1, 1, '1');
INSERT INTO conf_dictitem (ID, DESCRIPTION, NAME, ORDERBY, DICTIONARY, CODE) VALUES (12, '', '否', 2, 1, '2');
INSERT INTO conf_dictitem (ID, DESCRIPTION, NAME, ORDERBY, DICTIONARY, CODE) VALUES (21, '', '男', 1, 2, '1');
INSERT INTO conf_dictitem (ID, DESCRIPTION, NAME, ORDERBY, DICTIONARY, CODE) VALUES (22, '', '女', 2, 2, '2');
INSERT INTO conf_dictitem (ID, DESCRIPTION, NAME, ORDERBY, DICTIONARY, CODE) VALUES (31, '', '公文管理', 1, 3, '1');
INSERT INTO conf_dictitem (ID, DESCRIPTION, NAME, ORDERBY, DICTIONARY, CODE) VALUES (32, '', '案例管理', 2, 3, '2');
INSERT INTO conf_dictitem (ID, DESCRIPTION, NAME, ORDERBY, DICTIONARY, CODE) VALUES (41, '', '字符', 1, 4, '1');
INSERT INTO conf_dictitem (ID, DESCRIPTION, NAME, ORDERBY, DICTIONARY, CODE) VALUES (42, '', '整数', 2, 4, '2');
INSERT INTO conf_dictitem (ID, DESCRIPTION, NAME, ORDERBY, DICTIONARY, CODE) VALUES (43, '', '小数', 3, 4, '3');
INSERT INTO conf_dictitem (ID, DESCRIPTION, NAME, ORDERBY, DICTIONARY, CODE) VALUES (44, '', '日期', 4, 4, '4');
INSERT INTO conf_dictitem (ID, DESCRIPTION, NAME, ORDERBY, DICTIONARY, CODE) VALUES (45, '', '文本', 5, 4, '5');
INSERT INTO conf_dictitem (ID, DESCRIPTION, NAME, ORDERBY, DICTIONARY, CODE) VALUES (51, '', '当前用户Id', 1, 5, '1');
INSERT INTO conf_dictitem (ID, DESCRIPTION, NAME, ORDERBY, DICTIONARY, CODE) VALUES (52, '', '当前用户名称', 2, 5, '2');
INSERT INTO conf_dictitem (ID, DESCRIPTION, NAME, ORDERBY, DICTIONARY, CODE) VALUES (53, '', '当前用户部门Id', 3, 5, '3');
INSERT INTO conf_dictitem (ID, DESCRIPTION, NAME, ORDERBY, DICTIONARY, CODE) VALUES (54, '', '当前用户部门名称', 4, 5, '4');
INSERT INTO conf_dictitem (ID, DESCRIPTION, NAME, ORDERBY, DICTIONARY, CODE) VALUES (55, '', '当前日期yyyy-MM-dd', 5, 5, '5');
INSERT INTO conf_dictitem (ID, DESCRIPTION, NAME, ORDERBY, DICTIONARY, CODE) VALUES (56, '', '当前时间yyyy-MM-dd HH:mm:ss', 6, 5, '6');
INSERT INTO conf_dictitem (ID, DESCRIPTION, NAME, ORDERBY, DICTIONARY, CODE) VALUES (57, '', '当前年月yyyy-MM', 7, 5, '7');